[{"created_at":"Fri Sep 13 10:10:48 +0000 2013","id":378460747174780928,"id_str":"378460747174780928","text":"@mrfoxtalbot Have you tried contacting the Author about that particular item? They might be able to assist. ^TC","source":"\u003ca href=\"http:\/\/www.hootsuite.com\" rel=\"nofollow\"\u003eHootSuite\u003c\/a\u003e","truncated":false,"in_reply_to_status_id":378449056193720320,"in_reply_to_status_id_str":"378449056193720320","in_reply_to_user_id":72509363,"in_reply_to_user_id_str":"72509363","in_reply_to_screen_name":"Mrfoxtalbot","user":{"id":16582191,"id_str":"16582191","name":"Envato","screen_name":"envato","location":"Melbourne","description":"We help people learn - #Tuts - and earn - #ThemeForest #GraphicRiver #VideoHive - online through our network of sites.\n\nSupport Requests: @envato_support","url":"http:\/\/t.co\/CN9Yc7uqnJ","entities":{"url":{"urls":[{"url":"http:\/\/t.co\/CN9Yc7uqnJ","expanded_url":"http:\/\/envato.com","display_url":"envato.com","indices":[0,22]}]},"description":{"urls":[]}},"protected":false,"followers_count":33230,"friends_count":336,"listed_count":1469,"created_at":"Fri Oct 03 19:11:51 +0000 2008","favourites_count":51,"utc_offset":36000,"time_zone":"Melbourne","geo_enabled":false,"verified":false,"statuses_count":4686,"lang":"en","contributors_enabled":false,"is_translator":false,"profile_background_color":"323435","profile_background_image_url":"http:\/\/a0.twimg.com\/profile_background_images\/378800000036129044\/4aaf87e960f30537daa1a0a0c3c4fc31.jpeg","profile_background_image_url_https":"https:\/\/si0.twimg.com\/profile_background_images\/378800000036129044\/4aaf87e960f30537daa1a0a0c3c4fc31.jpeg","profile_background_tile":false,"profile_image_url":"http:\/\/a0.twimg.com\/profile_images\/344513261572266825\/1316a31c9c4481517fbb3fca65e96f3d_normal.png","profile_image_url_https":"https:\/\/si0.twimg.com\/profile_images\/344513261572266825\/1316a31c9c4481517fbb3fca65e96f3d_normal.png","profile_banner_url":"https:\/\/pbs.twimg.com\/profile_banners\/16582191\/1370393135","profile_link_color":"83B449","profile_sidebar_border_color":"FFFFFF","profile_sidebar_fill_color":"6C9450","profile_text_color":"242424","profile_use_background_image":true,"default_profile":false,"default_profile_image":false,"following":null,"follow_request_sent":false,"notifications":null},"geo":null,"coordinates":null,"place":null,"contributors":null,"retweet_count":0,"favorite_count":0,"entities":{"hashtags":[],"symbols":[],"urls":[],"user_mentions":[{"screen_name":"Mrfoxtalbot","name":"Alvaro G\u00f3mez Velasco","id":72509363,"id_str":"72509363","indices":[0,12]}]},"favorited":false,"retweeted":false,"lang":"en"}]